{"meta":{"year":2026,"state_source":"Tax Foundation, 2026 State Income Tax Rates and Brackets (Feb 2026)","sales_source":"Tax Foundation, State and Local Sales Tax Rates 2026 (Jan 2026)","federal_source":"IRS Rev. Proc. 2025-32","fica_source":"SSA 2026 wage base; IRS Topic 751","compiled":"2026-07-02"},"federal":{"deduction":{"single":16100,"married":32200},"brackets":{"single":[[0,0.1],[12400,0.12],[50400,0.22],[105700,0.24],[201775,0.32],[256225,0.35],[640600,0.37]],"married":[[0,0.1],[24800,0.12],[100800,0.22],[211400,0.24],[403550,0.32],[512450,0.35],[768700,0.37]]}},"fica":{"ss_rate":0.062,"ss_wage_base":184500,"medicare_rate":0.0145,"medicare_addl_rate":0.009,"medicare_addl_threshold":{"single":200000,"married":250000}},"nyc":{"brackets":{"single":[[0,0.03078],[12000,0.03762],[25000,0.03819],[50000,0.03876]],"married":[[0,0.03078],[21600,0.03762],[45000,0.03819],[90000,0.03876]]}},"states":{"AL":{"brackets":{"single":[[0.0,0.02],[500.0,0.04],[3000.0,0.05]],"married":[[0.0,0.02],[1000.0,0.04],[6000.0,0.05]]},"deduction":{"single":3000.0,"married":8500.0},"none":false},"AK":{"brackets":{"single":[],"married":[]},"deduction":{"single":0,"married":0},"none":true},"AZ":{"brackets":{"single":[[0.0,0.025]],"married":[[0.0,0.025]]},"deduction":{"single":8350.0,"married":16700.0},"none":false},"AR":{"brackets":{"single":[[0.0,0.02],[4600.0,0.039]],"married":[[0.0,0.02],[4600.0,0.039]]},"deduction":{"single":2470.0,"married":4940.0},"none":false},"CA":{"brackets":{"single":[[0.0,0.01],[11079.0,0.02],[26264.0,0.04],[41452.0,0.06],[57542.0,0.08],[72724.0,0.093],[371479.0,0.103],[445771.0,0.113],[742953.0,0.123],[1000000.0,0.133]],"married":[[0.0,0.01],[22158.0,0.02],[52528.0,0.04],[82904.0,0.06],[115084.0,0.08],[145448.0,0.093],[742958.0,0.103],[891542.0,0.113],[1000000.0,0.123],[1485906.0,0.133]]},"deduction":{"single":5540.0,"married":11080.0},"none":false},"CO":{"brackets":{"single":[[0.0,0.044]],"married":[[0.0,0.044]]},"deduction":{"single":16100.0,"married":32200.0},"none":false},"CT":{"brackets":{"single":[[0.0,0.02],[10000.0,0.045],[50000.0,0.055],[100000.0,0.06],[200000.0,0.065],[250000.0,0.069],[500000.0,0.0699]],"married":[[0.0,0.02],[20000.0,0.045],[100000.0,0.055],[200000.0,0.06],[400000.0,0.065],[500000.0,0.069],[1000000.0,0.0699]]},"deduction":{"single":0,"married":0},"none":false},"DE":{"brackets":{"single":[[2000.0,0.022],[5000.0,0.039],[10000.0,0.048],[20000.0,0.052],[25000.0,0.0555],[60000.0,0.066]],"married":[[2000.0,0.022],[5000.0,0.039],[10000.0,0.048],[20000.0,0.052],[25000.0,0.0555],[60000.0,0.066]]},"deduction":{"single":3250.0,"married":6500.0},"none":false},"FL":{"brackets":{"single":[],"married":[]},"deduction":{"single":0,"married":0},"none":true},"GA":{"brackets":{"single":[[0.0,0.0519]],"married":[[0.0,0.0519]]},"deduction":{"single":12000.0,"married":24000.0},"none":false},"HI":{"brackets":{"single":[[0.0,0.014],[9600.0,0.032],[14400.0,0.055],[19200.0,0.064],[24000.0,0.068],[36000.0,0.072],[48000.0,0.076],[125000.0,0.079],[175000.0,0.0825],[225000.0,0.09],[275000.0,0.1],[325000.0,0.11]],"married":[[0.0,0.014],[19200.0,0.032],[28800.0,0.055],[38400.0,0.064],[48000.0,0.068],[72000.0,0.072],[96000.0,0.076],[250000.0,0.079],[350000.0,0.0825],[450000.0,0.09],[550000.0,0.1],[650000.0,0.11]]},"deduction":{"single":4400.0,"married":8800.0},"none":false},"ID":{"brackets":{"single":[[4811.0,0.053]],"married":[[9622.0,0.053]]},"deduction":{"single":16100.0,"married":32200.0},"none":false},"IL":{"brackets":{"single":[[0.0,0.0495]],"married":[[0.0,0.0495]]},"deduction":{"single":0,"married":0},"none":false},"IN":{"brackets":{"single":[[0.0,0.0295]],"married":[[0.0,0.0295]]},"deduction":{"single":0,"married":0},"none":false},"IA":{"brackets":{"single":[[0.0,0.038]],"married":[[0.0,0.038]]},"deduction":{"single":16100.0,"married":32200.0},"none":false},"KS":{"brackets":{"single":[[0.0,0.052],[23000.0,0.0558]],"married":[[0.0,0.052],[46000.0,0.0558]]},"deduction":{"single":3605.0,"married":8240.0},"none":false},"KY":{"brackets":{"single":[[0.0,0.035]],"married":[[0.0,0.035]]},"deduction":{"single":3360.0,"married":3360.0},"none":false},"LA":{"brackets":{"single":[[0.0,0.03]],"married":[[0.0,0.03]]},"deduction":{"single":12875.0,"married":25750.0},"none":false},"ME":{"brackets":{"single":[[0.0,0.058],[27399.0,0.0675],[64849.0,0.0715]],"married":[[0.0,0.058],[54849.0,0.0675],[129749.0,0.0715]]},"deduction":{"single":8350.0,"married":16700.0},"none":false},"MD":{"brackets":{"single":[[0.0,0.02],[1000.0,0.03],[2000.0,0.04],[3000.0,0.0475],[100000.0,0.05],[125000.0,0.0525],[150000.0,0.055],[250000.0,0.0575],[500000.0,0.0625],[1000000.0,0.065]],"married":[[0.0,0.02],[1000.0,0.03],[2000.0,0.04],[3000.0,0.0475],[150000.0,0.05],[175000.0,0.0525],[225000.0,0.055],[300000.0,0.0575],[600000.0,0.0625],[1200000.0,0.065]]},"deduction":{"single":3350.0,"married":6700.0},"none":false},"MA":{"brackets":{"single":[[0.0,0.05],[1083150.0,0.09]],"married":[[0.0,0.05],[1083150.0,0.09]]},"deduction":{"single":0,"married":0},"none":false},"MI":{"brackets":{"single":[[0.0,0.0425]],"married":[[0.0,0.0425]]},"deduction":{"single":0,"married":0},"none":false},"MN":{"brackets":{"single":[[0.0,0.0535],[33310.0,0.068],[109430.0,0.0785],[203150.0,0.0985]],"married":[[0.0,0.0535],[48700.0,0.068],[193480.0,0.0785],[337930.0,0.0985]]},"deduction":{"single":15300.0,"married":30600.0},"none":false},"MS":{"brackets":{"single":[[10000.0,0.04]],"married":[[10000.0,0.04]]},"deduction":{"single":2300.0,"married":4600.0},"none":false},"MO":{"brackets":{"single":[[1348.0,0.02],[2696.0,0.025],[4044.0,0.03],[5392.0,0.035],[6740.0,0.04],[8088.0,0.045],[9436.0,0.047]],"married":[[1348.0,0.02],[2696.0,0.025],[4044.0,0.03],[5392.0,0.035],[6740.0,0.04],[8088.0,0.045],[9436.0,0.047]]},"deduction":{"single":16100.0,"married":32200.0},"none":false},"MT":{"brackets":{"single":[[0.0,0.047],[47500.0,0.0565]],"married":[[0.0,0.047],[95000.0,0.0565]]},"deduction":{"single":16100.0,"married":32200.0},"none":false},"NE":{"brackets":{"single":[[0.0,0.0246],[4130.0,0.0351],[24760.0,0.0455]],"married":[[0.0,0.0246],[8250.0,0.0351],[49530.0,0.0455]]},"deduction":{"single":8850.0,"married":17700.0},"none":false},"NV":{"brackets":{"single":[],"married":[]},"deduction":{"single":0,"married":0},"none":true},"NH":{"brackets":{"single":[],"married":[]},"deduction":{"single":0,"married":0},"none":true},"NJ":{"brackets":{"single":[[0.0,0.014],[20000.0,0.0175],[35000.0,0.035],[40000.0,0.05525],[75000.0,0.0637],[500000.0,0.0897],[1000000.0,0.1075]],"married":[[0.0,0.014],[20000.0,0.0175],[50000.0,0.0245],[70000.0,0.035],[80000.0,0.05525],[150000.0,0.0637],[500000.0,0.0897],[1000000.0,0.1075]]},"deduction":{"single":0,"married":0},"none":false},"NM":{"brackets":{"single":[[0.0,0.015],[5500.0,0.032],[16500.0,0.043],[33500.0,0.047],[66500.0,0.049],[210000.0,0.059]],"married":[[0.0,0.015],[8000.0,0.032],[25000.0,0.043],[50000.0,0.047],[100000.0,0.049],[315000.0,0.059]]},"deduction":{"single":16100.0,"married":32200.0},"none":false},"NY":{"brackets":{"single":[[0.0,0.039],[8500.0,0.044],[11700.0,0.0515],[13900.0,0.054],[80650.0,0.059],[215400.0,0.0685],[1077550.0,0.0965],[5000000.0,0.103],[25000000.0,0.109]],"married":[[0.0,0.039],[17150.0,0.044],[23600.0,0.0515],[27900.0,0.054],[161550.0,0.059],[323200.0,0.0685],[2155350.0,0.0965],[5000000.0,0.103],[25000000.0,0.109]]},"deduction":{"single":8000.0,"married":16050.0},"none":false},"NC":{"brackets":{"single":[[0.0,0.0399]],"married":[[0.0,0.0399]]},"deduction":{"single":12750.0,"married":25500.0},"none":false},"ND":{"brackets":{"single":[[48475.0,0.0195],[244825.0,0.025]],"married":[[80975.0,0.0195],[298075.0,0.025]]},"deduction":{"single":16100.0,"married":32200.0},"none":false},"OH":{"brackets":{"single":[[26050.0,0.0275]],"married":[[26050.0,0.0275]]},"deduction":{"single":0,"married":0},"none":false},"OK":{"brackets":{"single":[[3750.0,0.025],[4900.0,0.035],[7200.0,0.045]],"married":[[7500.0,0.025],[9800.0,0.035],[14400.0,0.045]]},"deduction":{"single":6350.0,